Recursos_Marketing,Eventos_Promocionais,Historico_Vendas_Mes_Anterior,Demanda_Real
152,4,641,2302
485,1,763,1640
398,4,1491,3364
320,1,1733,3341
156,0,1609,4493
121,3,1610,3161
238,3,1336,5201
70,3,1836,1932
152,4,1848,1958
171,0,1151,2825
264,4,1304,2510
380,4,898,2775
137,0,312,1375
422,0,201,5026
149,0,841,1360
409,0,419,4670
201,3,1789,4592
180,2,1054,3780
199,2,1959,2825
358,0,1448,1261
307,2,584,3537
393,2,1626,3364
463,0,1861,4352
343,2,1353,3119
435,4,1276,2376
241,1,1907,1513
493,1,929,4981
326,0,1895,4304
210,3,1933,4556
363,0,1639,4944
71,3,446,2422
302,1,1035,3146
285,0,1662,1508
394,4,402,2898
98,2,1407,4073
108,3,322,1485
219,2,600,2519
237,2,966,2111
320,0,493,5062
239,2,479,2931
495,4,1083,3274
224,2,1833,2873
495,0,397,2615
100,4,1181,2280
413,1,1734,1765
104,2,951,2079
293,0,343,4466
369,1,808,3820
180,1,1424,1681
356,3,1347,2023
184,4,386,5324
70,2,1549,1782
378,0,663,4895
216,3,1572,2236
323,4,1994,4217
437,3,859,2885
138,4,963,3226
365,4,1154,3680
63,2,602,4807
291,4,1569,1899
314,3,1734,3749
395,4,346,3295
102,2,1371,4745
435,2,1063,3174
389,3,1934,1427
141,1,688,4583
416,1,1128,1909
493,4,1863,4919
477,0,750,3505
313,4,537,4125
480,3,1071,2322
84,3,840,2611
255,3,672,1843
130,3,350,4421
469,3,1638,5129
99,2,1521,2034
409,1,1834,2033
437,3,462,4907
51,0,1987,1649
439,0,343,2708
103,0,545,4270
155,0,823,4896
309,2,1216,1118
359,0,1795,4352
240,3,1080,2400
451,4,201,3259
267,0,1096,3676
93,2,1527,2314
211,2,453,4755
251,0,1875,3979
495,4,652,3567
319,0,1260,5362
400,2,1383,2864
353,1,1214,2464
320,3,208,3687
264,2,1456,4893
301,0,1322,3901
239,3,1882,1494
345,0,1015,1498
262,0,407,2025
